{
  "scale": 1.2,
  "offsetX": -4.761962890625,
  "offsetY": 36.19049072265625
}